{
  "T_slave_master": [
    {
      "camera": "slave-0",
      "rvec": [
        0.0022110617178282,
        0.2131150833889150,
        -0.0106428727178529
      ],
      "tvec": [
        -0.1725852722618333,
        0.0030413055852778,
        0.0286275206502689
      ]
    }
  ]
}
