{
  "D": [
    -0.0802939981878841,
    0.5423737667825596,
    -0.0060427847391850,
    0.0036612803884814,
    -1.0014264770271575
  ],
  "K": [
    1692.3751374542609938,
    0.0000000000000000,
    674.3700418641551551,
    0.0000000000000000,
    1698.3442813583694715,
    353.5314757529402527,
    0.0000000000000000,
    0.0000000000000000,
    1.0000000000000000
  ],
  "height": 720,
  "type": "pinhole",
  "width": 1280
}
