{
  "D": [
    -0.07610750943422318,
    0.38557255268096924,
    -0.0008944240980781615,
    -0.0007403969066217542,
    0.0
  ],
  "K": [
    1694.5498046875,
    0.0,
    650.6588745117188,
    0.0,
    1694.5498046875,
    367.0103759765625,
    0.0,
    0.0,
    1.0
  ],
  "height": 720,
  "type": "pinhole",
  "width": 1280
}