{
  "T_slave_master": [
    {
      "camera": "slave-0",
      "rvec": [
        0.004082501554410268,
        0.2022722634648222,
        -0.008532993569233573
      ],
      "tvec": [
        -0.1745929559505274,
        0.001251526591919147,
        0.019013310467062002
      ]
    }
  ]
}