{
  "D": [
    -0.07513114809989929,
    0.3868991732597351,
    0.0011318082688376307,
    -0.0001405108778271824,
    0.0
  ],
  "K": [
    1700.41748046875,
    0.0,
    639.9475708007813,
    0.0,
    1700.41748046875,
    364.74359130859375,
    0.0,
    0.0,
    1.0
  ],
  "height": 720,
  "type": "pinhole",
  "width": 1280
}